class	path
org.owasp.esapi.logging.java.ESAPICustomJavaLevel	/var/benchmakrs/esapi-java-legacy/src/main/java/org/owasp/esapi/logging/java/ESAPICustomJavaLevel.java
org.owasp.esapi.PropNames	/var/benchmakrs/esapi-java-legacy/src/main/java/org/owasp/esapi/PropNames.java
org.owasp.esapi.PropNames$DefaultSearchPath	/var/benchmakrs/esapi-java-legacy/src/main/java/org/owasp/esapi/PropNames.java
org.owasp.esapi.crypto.KeyDerivationFunction	/var/benchmakrs/esapi-java-legacy/src/main/java/org/owasp/esapi/crypto/KeyDerivationFunction.java
org.owasp.esapi.crypto.KeyDerivationFunction$PRF_ALGORITHMS	/var/benchmakrs/esapi-java-legacy/src/main/java/org/owasp/esapi/crypto/KeyDerivationFunction.java
org.owasp.esapi.Logger	/var/benchmakrs/esapi-java-legacy/src/main/java/org/owasp/esapi/Logger.java
org.owasp.esapi.Logger$EventType	/var/benchmakrs/esapi-java-legacy/src/main/java/org/owasp/esapi/Logger.java
org.owasp.esapi.errors.EncryptionException	/var/benchmakrs/esapi-java-legacy/src/main/java/org/owasp/esapi/errors/EncryptionException.java
org.owasp.esapi.errors.EnterpriseSecurityException	/var/benchmakrs/esapi-java-legacy/src/main/java/org/owasp/esapi/errors/EnterpriseSecurityException.java
org.owasp.esapi.waf.actions.BlockAction	/var/benchmakrs/esapi-java-legacy/src/main/java/org/owasp/esapi/waf/actions/BlockAction.java
org.owasp.esapi.waf.actions.Action	/var/benchmakrs/esapi-java-legacy/src/main/java/org/owasp/esapi/waf/actions/Action.java
org.owasp.esapi.waf.rules.MustMatchRule	/var/benchmakrs/esapi-java-legacy/src/main/java/org/owasp/esapi/waf/rules/MustMatchRule.java
org.owasp.esapi.waf.rules.Rule	/var/benchmakrs/esapi-java-legacy/src/main/java/org/owasp/esapi/waf/rules/Rule.java
org.owasp.esapi.waf.internal.InterceptingHTTPServletResponse	/var/benchmakrs/esapi-java-legacy/src/main/java/org/owasp/esapi/waf/internal/InterceptingHTTPServletResponse.java
org.owasp.esapi.waf.internal.InterceptingPrintWriter	/var/benchmakrs/esapi-java-legacy/src/main/java/org/owasp/esapi/waf/internal/InterceptingPrintWriter.java
org.owasp.esapi.waf.internal.InterceptingServletOutputStream	/var/benchmakrs/esapi-java-legacy/src/main/java/org/owasp/esapi/waf/internal/InterceptingServletOutputStream.java
org.owasp.esapi.waf.rules.AddSecureFlagRule	/var/benchmakrs/esapi-java-legacy/src/main/java/org/owasp/esapi/waf/rules/AddSecureFlagRule.java
org.owasp.esapi.waf.rules.AddHTTPOnlyFlagRule	/var/benchmakrs/esapi-java-legacy/src/main/java/org/owasp/esapi/waf/rules/AddHTTPOnlyFlagRule.java
org.owasp.esapi.configuration.consts.EsapiConfiguration	/var/benchmakrs/esapi-java-legacy/src/main/java/org/owasp/esapi/configuration/consts/EsapiConfiguration.java
org.owasp.esapi.reference.IntegerAccessReferenceMap	/var/benchmakrs/esapi-java-legacy/src/main/java/org/owasp/esapi/reference/IntegerAccessReferenceMap.java
org.owasp.esapi.reference.AbstractAccessReferenceMap	/var/benchmakrs/esapi-java-legacy/src/main/java/org/owasp/esapi/reference/AbstractAccessReferenceMap.java
org.owasp.esapi.AccessReferenceMap	/var/benchmakrs/esapi-java-legacy/src/main/java/org/owasp/esapi/AccessReferenceMap.java
org.owasp.esapi.errors.AccessControlException	/var/benchmakrs/esapi-java-legacy/src/main/java/org/owasp/esapi/errors/AccessControlException.java
org.owasp.esapi.waf.rules.RestrictContentTypeRule	/var/benchmakrs/esapi-java-legacy/src/main/java/org/owasp/esapi/waf/rules/RestrictContentTypeRule.java
org.owasp.esapi.waf.rules.AddHeaderRule	/var/benchmakrs/esapi-java-legacy/src/main/java/org/owasp/esapi/waf/rules/AddHeaderRule.java
org.owasp.esapi.reference.validation.CreditCardValidationRule	/var/benchmakrs/esapi-java-legacy/src/main/java/org/owasp/esapi/reference/validation/CreditCardValidationRule.java
org.owasp.esapi.reference.validation.BaseValidationRule	/var/benchmakrs/esapi-java-legacy/src/main/java/org/owasp/esapi/reference/validation/BaseValidationRule.java
org.owasp.esapi.ValidationRule	/var/benchmakrs/esapi-java-legacy/src/main/java/org/owasp/esapi/ValidationRule.java
org.owasp.esapi.reference.validation.StringValidationRule	/var/benchmakrs/esapi-java-legacy/src/main/java/org/owasp/esapi/reference/validation/StringValidationRule.java
org.owasp.esapi.Encoder	/var/benchmakrs/esapi-java-legacy/src/main/java/org/owasp/esapi/Encoder.java
org.owasp.esapi.errors.ValidationException	/var/benchmakrs/esapi-java-legacy/src/main/java/org/owasp/esapi/errors/ValidationException.java
org.owasp.esapi.codecs.Codec	/var/benchmakrs/esapi-java-legacy/src/main/java/org/owasp/esapi/codecs/Codec.java
org.owasp.esapi.errors.EncodingException	/var/benchmakrs/esapi-java-legacy/src/main/java/org/owasp/esapi/errors/EncodingException.java
org.owasp.esapi.codecs.PushbackSequence	/var/benchmakrs/esapi-java-legacy/src/main/java/org/owasp/esapi/codecs/PushbackSequence.java
org.owasp.esapi.ValidationErrorList	/var/benchmakrs/esapi-java-legacy/src/main/java/org/owasp/esapi/ValidationErrorList.java
org.owasp.esapi.codecs.ref.EncodingPatternPreservation	/var/benchmakrs/esapi-java-legacy/src/main/java/org/owasp/esapi/codecs/ref/EncodingPatternPreservation.java
org.owasp.esapi.filters.ESAPIFilter	/var/benchmakrs/esapi-java-legacy/src/main/java/org/owasp/esapi/filters/ESAPIFilter.java
org.owasp.esapi.logging.java.JavaLogBridgeImpl	/var/benchmakrs/esapi-java-legacy/src/main/java/org/owasp/esapi/logging/java/JavaLogBridgeImpl.java
org.owasp.esapi.logging.java.JavaLogBridge	/var/benchmakrs/esapi-java-legacy/src/main/java/org/owasp/esapi/logging/java/JavaLogBridge.java
org.owasp.esapi.logging.java.JavaLogLevelHandler	/var/benchmakrs/esapi-java-legacy/src/main/java/org/owasp/esapi/logging/java/JavaLogLevelHandler.java
org.owasp.esapi.logging.cleaning.LogScrubber	/var/benchmakrs/esapi-java-legacy/src/main/java/org/owasp/esapi/logging/cleaning/LogScrubber.java
org.owasp.esapi.logging.appender.LogAppender	/var/benchmakrs/esapi-java-legacy/src/main/java/org/owasp/esapi/logging/appender/LogAppender.java
org.owasp.esapi.reference.accesscontrol.policyloader.ACRPolicyFileLoader	/var/benchmakrs/esapi-java-legacy/src/main/java/org/owasp/esapi/reference/accesscontrol/policyloader/ACRPolicyFileLoader.java
org.owasp.esapi.reference.accesscontrol.policyloader.PolicyDTO	/var/benchmakrs/esapi-java-legacy/src/main/java/org/owasp/esapi/reference/accesscontrol/policyloader/PolicyDTO.java
org.owasp.esapi.Authenticator	/var/benchmakrs/esapi-java-legacy/src/main/java/org/owasp/esapi/Authenticator.java
org.owasp.esapi.User	/var/benchmakrs/esapi-java-legacy/src/main/java/org/owasp/esapi/User.java
org.owasp.esapi.User$1	/var/benchmakrs/esapi-java-legacy/src/main/java/org/owasp/esapi/User.java
org.owasp.esapi.errors.AuthenticationException	/var/benchmakrs/esapi-java-legacy/src/main/java/org/owasp/esapi/errors/AuthenticationException.java
org.owasp.esapi.errors.AuthenticationHostException	/var/benchmakrs/esapi-java-legacy/src/main/java/org/owasp/esapi/errors/AuthenticationHostException.java
org.owasp.esapi.waf.rules.ReplaceContentRule	/var/benchmakrs/esapi-java-legacy/src/main/java/org/owasp/esapi/waf/rules/ReplaceContentRule.java
org.owasp.esapi.SafeFile	/var/benchmakrs/esapi-java-legacy/src/main/java/org/owasp/esapi/SafeFile.java
org.owasp.esapi.reference.RandomAccessReferenceMap	/var/benchmakrs/esapi-java-legacy/src/main/java/org/owasp/esapi/reference/RandomAccessReferenceMap.java
org.owasp.esapi.reference.accesscontrol.FileBasedACRs	/var/benchmakrs/esapi-java-legacy/src/main/java/org/owasp/esapi/reference/accesscontrol/FileBasedACRs.java
org.owasp.esapi.reference.accesscontrol.FileBasedACRs$Rule	/var/benchmakrs/esapi-java-legacy/src/main/java/org/owasp/esapi/reference/accesscontrol/FileBasedACRs.java
org.owasp.esapi.filters.SecurityWrapper	/var/benchmakrs/esapi-java-legacy/src/main/java/org/owasp/esapi/filters/SecurityWrapper.java
org.owasp.esapi.configuration.StandardEsapiPropertyLoader	/var/benchmakrs/esapi-java-legacy/src/main/java/org/owasp/esapi/configuration/StandardEsapiPropertyLoader.java
org.owasp.esapi.configuration.AbstractPrioritizedPropertyLoader	/var/benchmakrs/esapi-java-legacy/src/main/java/org/owasp/esapi/configuration/AbstractPrioritizedPropertyLoader.java
org.owasp.esapi.configuration.EsapiPropertyLoader	/var/benchmakrs/esapi-java-legacy/src/main/java/org/owasp/esapi/configuration/EsapiPropertyLoader.java
org.owasp.esapi.errors.ConfigurationException	/var/benchmakrs/esapi-java-legacy/src/main/java/org/owasp/esapi/errors/ConfigurationException.java
org.owasp.esapi.codecs.PushBackSequenceImpl	/var/benchmakrs/esapi-java-legacy/src/main/java/org/owasp/esapi/codecs/PushBackSequenceImpl.java
org.owasp.esapi.codecs.AbstractPushbackSequence	/var/benchmakrs/esapi-java-legacy/src/main/java/org/owasp/esapi/codecs/AbstractPushbackSequence.java
org.owasp.esapi.SecurityConfiguration	/var/benchmakrs/esapi-java-legacy/src/main/java/org/owasp/esapi/SecurityConfiguration.java
org.owasp.esapi.SecurityConfiguration$Threshold	/var/benchmakrs/esapi-java-legacy/src/main/java/org/owasp/esapi/SecurityConfiguration.java
org.owasp.esapi.reference.DefaultIntrusionDetector	/var/benchmakrs/esapi-java-legacy/src/main/java/org/owasp/esapi/reference/DefaultIntrusionDetector.java
org.owasp.esapi.reference.DefaultIntrusionDetector$Event	/var/benchmakrs/esapi-java-legacy/src/main/java/org/owasp/esapi/reference/DefaultIntrusionDetector.java
org.owasp.esapi.IntrusionDetector	/var/benchmakrs/esapi-java-legacy/src/main/java/org/owasp/esapi/IntrusionDetector.java
org.owasp.esapi.errors.IntrusionException	/var/benchmakrs/esapi-java-legacy/src/main/java/org/owasp/esapi/errors/IntrusionException.java
org.owasp.esapi.errors.EnterpriseSecurityRuntimeException	/var/benchmakrs/esapi-java-legacy/src/main/java/org/owasp/esapi/errors/EnterpriseSecurityRuntimeException.java
org.owasp.esapi.waf.rules.GeneralAttackSignatureRule	/var/benchmakrs/esapi-java-legacy/src/main/java/org/owasp/esapi/waf/rules/GeneralAttackSignatureRule.java
org.owasp.esapi.waf.ESAPIWebApplicationFirewallFilter	/var/benchmakrs/esapi-java-legacy/src/main/java/org/owasp/esapi/waf/ESAPIWebApplicationFirewallFilter.java
org.owasp.esapi.waf.configuration.AppGuardianConfiguration	/var/benchmakrs/esapi-java-legacy/src/main/java/org/owasp/esapi/waf/configuration/AppGuardianConfiguration.java
org.owasp.esapi.crypto.CipherSpec	/var/benchmakrs/esapi-java-legacy/src/main/java/org/owasp/esapi/crypto/CipherSpec.java
org.owasp.esapi.crypto.CipherSpec$CipherTransformationComponent	/var/benchmakrs/esapi-java-legacy/src/main/java/org/owasp/esapi/crypto/CipherSpec.java
org.owasp.esapi.reference.AbstractAuthenticator	/var/benchmakrs/esapi-java-legacy/src/main/java/org/owasp/esapi/reference/AbstractAuthenticator.java
org.owasp.esapi.reference.AbstractAuthenticator$ThreadLocalUser	/var/benchmakrs/esapi-java-legacy/src/main/java/org/owasp/esapi/reference/AbstractAuthenticator.java
org.owasp.esapi.reference.DefaultUser	/var/benchmakrs/esapi-java-legacy/src/main/java/org/owasp/esapi/reference/DefaultUser.java
org.owasp.esapi.ESAPI	/var/benchmakrs/esapi-java-legacy/src/main/java/org/owasp/esapi/ESAPI.java
org.owasp.esapi.AccessController	/var/benchmakrs/esapi-java-legacy/src/main/java/org/owasp/esapi/AccessController.java
org.owasp.esapi.Encryptor	/var/benchmakrs/esapi-java-legacy/src/main/java/org/owasp/esapi/Encryptor.java
org.owasp.esapi.Executor	/var/benchmakrs/esapi-java-legacy/src/main/java/org/owasp/esapi/Executor.java
org.owasp.esapi.HTTPUtilities	/var/benchmakrs/esapi-java-legacy/src/main/java/org/owasp/esapi/HTTPUtilities.java
org.owasp.esapi.LogFactory	/var/benchmakrs/esapi-java-legacy/src/main/java/org/owasp/esapi/LogFactory.java
org.owasp.esapi.Randomizer	/var/benchmakrs/esapi-java-legacy/src/main/java/org/owasp/esapi/Randomizer.java
org.owasp.esapi.Validator	/var/benchmakrs/esapi-java-legacy/src/main/java/org/owasp/esapi/Validator.java
org.owasp.esapi.ExecuteResult	/var/benchmakrs/esapi-java-legacy/src/main/java/org/owasp/esapi/ExecuteResult.java
org.owasp.esapi.errors.ExecutorException	/var/benchmakrs/esapi-java-legacy/src/main/java/org/owasp/esapi/errors/ExecutorException.java
org.owasp.esapi.crypto.PlainText	/var/benchmakrs/esapi-java-legacy/src/main/java/org/owasp/esapi/crypto/PlainText.java
org.owasp.esapi.crypto.CipherText	/var/benchmakrs/esapi-java-legacy/src/main/java/org/owasp/esapi/crypto/CipherText.java
org.owasp.esapi.crypto.CipherText$CipherTextFlags	/var/benchmakrs/esapi-java-legacy/src/main/java/org/owasp/esapi/crypto/CipherText.java
org.owasp.esapi.errors.IntegrityException	/var/benchmakrs/esapi-java-legacy/src/main/java/org/owasp/esapi/errors/IntegrityException.java
org.owasp.esapi.reference.accesscontrol.AlwaysTrueACR	/var/benchmakrs/esapi-java-legacy/src/main/java/org/owasp/esapi/reference/accesscontrol/AlwaysTrueACR.java
org.owasp.esapi.reference.accesscontrol.BaseACR	/var/benchmakrs/esapi-java-legacy/src/main/java/org/owasp/esapi/reference/accesscontrol/BaseACR.java
org.owasp.esapi.AccessControlRule	/var/benchmakrs/esapi-java-legacy/src/main/java/org/owasp/esapi/AccessControlRule.java
org.owasp.esapi.waf.configuration.ConfigurationParser	/var/benchmakrs/esapi-java-legacy/src/main/java/org/owasp/esapi/waf/configuration/ConfigurationParser.java
org.owasp.esapi.waf.ConfigurationException	/var/benchmakrs/esapi-java-legacy/src/main/java/org/owasp/esapi/waf/ConfigurationException.java
org.owasp.esapi.reference.accesscontrol.ExperimentalAccessController	/var/benchmakrs/esapi-java-legacy/src/main/java/org/owasp/esapi/reference/accesscontrol/ExperimentalAccessController.java
org.owasp.esapi.codecs.Hex	/var/benchmakrs/esapi-java-legacy/src/main/java/org/owasp/esapi/codecs/Hex.java
org.owasp.esapi.waf.actions.DoNothingAction	/var/benchmakrs/esapi-java-legacy/src/main/java/org/owasp/esapi/waf/actions/DoNothingAction.java
org.owasp.esapi.codecs.AbstractIntegerCodec	/var/benchmakrs/esapi-java-legacy/src/main/java/org/owasp/esapi/codecs/AbstractIntegerCodec.java
org.owasp.esapi.codecs.AbstractCodec	/var/benchmakrs/esapi-java-legacy/src/main/java/org/owasp/esapi/codecs/AbstractCodec.java
org.owasp.esapi.tags.EncodeForCSSTag	/var/benchmakrs/esapi-java-legacy/src/main/java/org/owasp/esapi/tags/EncodeForCSSTag.java
org.owasp.esapi.tags.BaseEncodeTag	/var/benchmakrs/esapi-java-legacy/src/main/java/org/owasp/esapi/tags/BaseEncodeTag.java
org.owasp.esapi.errors.CertificateException	/var/benchmakrs/esapi-java-legacy/src/main/java/org/owasp/esapi/errors/CertificateException.java
org.owasp.esapi.reference.accesscontrol.policyloader.ACRParameterLoaderHelper	/var/benchmakrs/esapi-java-legacy/src/main/java/org/owasp/esapi/reference/accesscontrol/policyloader/ACRParameterLoaderHelper.java
org.owasp.esapi.configuration.consts.EsapiConfigurationType	/var/benchmakrs/esapi-java-legacy/src/main/java/org/owasp/esapi/configuration/consts/EsapiConfigurationType.java
org.owasp.esapi.configuration.EsapiPropertyLoaderFactory	/var/benchmakrs/esapi-java-legacy/src/main/java/org/owasp/esapi/configuration/EsapiPropertyLoaderFactory.java
org.owasp.esapi.reference.DefaultSecurityConfiguration	/var/benchmakrs/esapi-java-legacy/src/main/java/org/owasp/esapi/reference/DefaultSecurityConfiguration.java
org.owasp.esapi.configuration.EsapiPropertyManager	/var/benchmakrs/esapi-java-legacy/src/main/java/org/owasp/esapi/configuration/EsapiPropertyManager.java
org.owasp.esapi.logging.slf4j.Slf4JLogBridge	/var/benchmakrs/esapi-java-legacy/src/main/java/org/owasp/esapi/logging/slf4j/Slf4JLogBridge.java
org.owasp.esapi.codecs.LegacyHTMLEntityCodec	/var/benchmakrs/esapi-java-legacy/src/main/java/org/owasp/esapi/codecs/LegacyHTMLEntityCodec.java
org.owasp.esapi.codecs.AbstractCharacterCodec	/var/benchmakrs/esapi-java-legacy/src/main/java/org/owasp/esapi/codecs/AbstractCharacterCodec.java
org.owasp.esapi.codecs.Trie	/var/benchmakrs/esapi-java-legacy/src/main/java/org/owasp/esapi/codecs/Trie.java
org.owasp.esapi.codecs.Trie$TrieProxy	/var/benchmakrs/esapi-java-legacy/src/main/java/org/owasp/esapi/codecs/Trie.java
org.owasp.esapi.codecs.Trie$Unmodifiable	/var/benchmakrs/esapi-java-legacy/src/main/java/org/owasp/esapi/codecs/Trie.java
org.owasp.esapi.codecs.Trie$Util	/var/benchmakrs/esapi-java-legacy/src/main/java/org/owasp/esapi/codecs/Trie.java
org.owasp.esapi.codecs.PushbackString	/var/benchmakrs/esapi-java-legacy/src/main/java/org/owasp/esapi/codecs/PushbackString.java
org.owasp.esapi.util.NullSafe	/var/benchmakrs/esapi-java-legacy/src/main/java/org/owasp/esapi/util/NullSafe.java
org.owasp.esapi.errors.AvailabilityException	/var/benchmakrs/esapi-java-legacy/src/main/java/org/owasp/esapi/errors/AvailabilityException.java
org.owasp.esapi.codecs.VBScriptCodec	/var/benchmakrs/esapi-java-legacy/src/main/java/org/owasp/esapi/codecs/VBScriptCodec.java
org.owasp.esapi.codecs.Base64	/var/benchmakrs/esapi-java-legacy/src/main/java/org/owasp/esapi/codecs/Base64.java
org.owasp.esapi.codecs.Base64$InputStream	/var/benchmakrs/esapi-java-legacy/src/main/java/org/owasp/esapi/codecs/Base64.java
org.owasp.esapi.codecs.Base64$OutputStream	/var/benchmakrs/esapi-java-legacy/src/main/java/org/owasp/esapi/codecs/Base64.java
org.owasp.esapi.waf.rules.RuleUtil	/var/benchmakrs/esapi-java-legacy/src/main/java/org/owasp/esapi/waf/rules/RuleUtil.java
org.owasp.esapi.reference.accesscontrol.policyloader.EchoDynaBeanPolicyParameterACR	/var/benchmakrs/esapi-java-legacy/src/main/java/org/owasp/esapi/reference/accesscontrol/policyloader/EchoDynaBeanPolicyParameterACR.java
org.owasp.esapi.reference.accesscontrol.DynaBeanACRParameter	/var/benchmakrs/esapi-java-legacy/src/main/java/org/owasp/esapi/reference/accesscontrol/DynaBeanACRParameter.java
org.owasp.esapi.reference.accesscontrol.policyloader.PolicyParameters	/var/benchmakrs/esapi-java-legacy/src/main/java/org/owasp/esapi/reference/accesscontrol/policyloader/PolicyParameters.java
org.owasp.esapi.logging.appender.ServerInfoSupplier	/var/benchmakrs/esapi-java-legacy/src/main/java/org/owasp/esapi/logging/appender/ServerInfoSupplier.java
org.owasp.esapi.logging.java.JavaLogLevelHandlers	/var/benchmakrs/esapi-java-legacy/src/main/java/org/owasp/esapi/logging/java/JavaLogLevelHandlers.java
org.owasp.esapi.util.ByteConversionUtil	/var/benchmakrs/esapi-java-legacy/src/main/java/org/owasp/esapi/util/ByteConversionUtil.java
org.owasp.esapi.filters.ClickjackFilter	/var/benchmakrs/esapi-java-legacy/src/main/java/org/owasp/esapi/filters/ClickjackFilter.java
org.owasp.esapi.codecs.DB2Codec	/var/benchmakrs/esapi-java-legacy/src/main/java/org/owasp/esapi/codecs/DB2Codec.java
org.owasp.esapi.codecs.WindowsCodec	/var/benchmakrs/esapi-java-legacy/src/main/java/org/owasp/esapi/codecs/WindowsCodec.java
org.owasp.esapi.reference.validation.DateValidationRule	/var/benchmakrs/esapi-java-legacy/src/main/java/org/owasp/esapi/reference/validation/DateValidationRule.java
org.owasp.esapi.crypto.CryptoToken	/var/benchmakrs/esapi-java-legacy/src/main/java/org/owasp/esapi/crypto/CryptoToken.java
org.owasp.esapi.reference.accesscontrol.policyloader.ACRParameterLoader	/var/benchmakrs/esapi-java-legacy/src/main/java/org/owasp/esapi/reference/accesscontrol/policyloader/ACRParameterLoader.java
org.owasp.esapi.tags.EncodeForBase64Tag	/var/benchmakrs/esapi-java-legacy/src/main/java/org/owasp/esapi/tags/EncodeForBase64Tag.java
org.owasp.esapi.codecs.PercentCodec	/var/benchmakrs/esapi-java-legacy/src/main/java/org/owasp/esapi/codecs/PercentCodec.java
org.owasp.esapi.waf.rules.AuthenticatedRule	/var/benchmakrs/esapi-java-legacy/src/main/java/org/owasp/esapi/waf/rules/AuthenticatedRule.java
org.owasp.esapi.reference.DefaultRandomizer	/var/benchmakrs/esapi-java-legacy/src/main/java/org/owasp/esapi/reference/DefaultRandomizer.java
org.owasp.esapi.crypto.CryptoHelper	/var/benchmakrs/esapi-java-legacy/src/main/java/org/owasp/esapi/crypto/CryptoHelper.java
org.owasp.esapi.logging.java.JavaLogger	/var/benchmakrs/esapi-java-legacy/src/main/java/org/owasp/esapi/logging/java/JavaLogger.java
org.owasp.esapi.PreparedString	/var/benchmakrs/esapi-java-legacy/src/main/java/org/owasp/esapi/PreparedString.java
org.owasp.esapi.waf.rules.SimpleVirtualPatchRule	/var/benchmakrs/esapi-java-legacy/src/main/java/org/owasp/esapi/waf/rules/SimpleVirtualPatchRule.java
org.owasp.esapi.codecs.OracleCodec	/var/benchmakrs/esapi-java-legacy/src/main/java/org/owasp/esapi/codecs/OracleCodec.java
org.owasp.esapi.logging.appender.ClientInfoSupplier	/var/benchmakrs/esapi-java-legacy/src/main/java/org/owasp/esapi/logging/appender/ClientInfoSupplier.java
org.owasp.esapi.errors.AuthenticationAccountsException	/var/benchmakrs/esapi-java-legacy/src/main/java/org/owasp/esapi/errors/AuthenticationAccountsException.java
org.owasp.esapi.errors.AuthenticationCredentialsException	/var/benchmakrs/esapi-java-legacy/src/main/java/org/owasp/esapi/errors/AuthenticationCredentialsException.java
org.owasp.esapi.logging.cleaning.CodecLogScrubber	/var/benchmakrs/esapi-java-legacy/src/main/java/org/owasp/esapi/logging/cleaning/CodecLogScrubber.java
org.owasp.esapi.crypto.CryptoDiscoverer	/var/benchmakrs/esapi-java-legacy/src/main/java/org/owasp/esapi/crypto/CryptoDiscoverer.java
org.owasp.esapi.crypto.CipherTextSerializer	/var/benchmakrs/esapi-java-legacy/src/main/java/org/owasp/esapi/crypto/CipherTextSerializer.java
org.owasp.esapi.reference.crypto.ReferenceEncryptedProperties	/var/benchmakrs/esapi-java-legacy/src/main/java/org/owasp/esapi/reference/crypto/ReferenceEncryptedProperties.java
org.owasp.esapi.EncryptedProperties	/var/benchmakrs/esapi-java-legacy/src/main/java/org/owasp/esapi/EncryptedProperties.java
org.owasp.esapi.errors.EncryptionRuntimeException	/var/benchmakrs/esapi-java-legacy/src/main/java/org/owasp/esapi/errors/EncryptionRuntimeException.java
org.owasp.esapi.codecs.JavaScriptCodec	/var/benchmakrs/esapi-java-legacy/src/main/java/org/owasp/esapi/codecs/JavaScriptCodec.java
org.owasp.esapi.tags.EncodeForVBScriptTag	/var/benchmakrs/esapi-java-legacy/src/main/java/org/owasp/esapi/tags/EncodeForVBScriptTag.java
org.owasp.esapi.logging.slf4j.Slf4JLogFactory	/var/benchmakrs/esapi-java-legacy/src/main/java/org/owasp/esapi/logging/slf4j/Slf4JLogFactory.java
org.owasp.esapi.codecs.HTMLEntityCodec	/var/benchmakrs/esapi-java-legacy/src/main/java/org/owasp/esapi/codecs/HTMLEntityCodec.java
org.owasp.esapi.reference.DefaultAccessController	/var/benchmakrs/esapi-java-legacy/src/main/java/org/owasp/esapi/reference/DefaultAccessController.java
org.owasp.esapi.codecs.JSONCodec	/var/benchmakrs/esapi-java-legacy/src/main/java/org/owasp/esapi/codecs/JSONCodec.java
org.owasp.esapi.reference.accesscontrol.policyloader.DynaBeanACRParameterLoader	/var/benchmakrs/esapi-java-legacy/src/main/java/org/owasp/esapi/reference/accesscontrol/policyloader/DynaBeanACRParameterLoader.java
org.owasp.esapi.logging.slf4j.Slf4JLogLevelHandler	/var/benchmakrs/esapi-java-legacy/src/main/java/org/owasp/esapi/logging/slf4j/Slf4JLogLevelHandler.java
org.owasp.esapi.waf.rules.HTTPMethodRule	/var/benchmakrs/esapi-java-legacy/src/main/java/org/owasp/esapi/waf/rules/HTTPMethodRule.java
org.owasp.esapi.waf.rules.IPRule	/var/benchmakrs/esapi-java-legacy/src/main/java/org/owasp/esapi/waf/rules/IPRule.java
org.owasp.esapi.errors.AuthenticationLoginException	/var/benchmakrs/esapi-java-legacy/src/main/java/org/owasp/esapi/errors/AuthenticationLoginException.java
org.owasp.esapi.tags.ELEncodeFunctions	/var/benchmakrs/esapi-java-legacy/src/main/java/org/owasp/esapi/tags/ELEncodeFunctions.java
org.owasp.esapi.reference.crypto.DefaultEncryptedProperties	/var/benchmakrs/esapi-java-legacy/src/main/java/org/owasp/esapi/reference/crypto/DefaultEncryptedProperties.java
org.owasp.esapi.waf.rules.EnforceHTTPSRule	/var/benchmakrs/esapi-java-legacy/src/main/java/org/owasp/esapi/waf/rules/EnforceHTTPSRule.java
org.owasp.esapi.tags.EncodeForURLTag	/var/benchmakrs/esapi-java-legacy/src/main/java/org/owasp/esapi/tags/EncodeForURLTag.java
org.owasp.esapi.waf.rules.PathExtensionRule	/var/benchmakrs/esapi-java-legacy/src/main/java/org/owasp/esapi/waf/rules/PathExtensionRule.java
org.owasp.esapi.codecs.MySQLCodec	/var/benchmakrs/esapi-java-legacy/src/main/java/org/owasp/esapi/codecs/MySQLCodec.java
org.owasp.esapi.codecs.MySQLCodec$Mode	/var/benchmakrs/esapi-java-legacy/src/main/java/org/owasp/esapi/codecs/MySQLCodec.java
org.owasp.esapi.logging.appender.EventTypeLogSupplier	/var/benchmakrs/esapi-java-legacy/src/main/java/org/owasp/esapi/logging/appender/EventTypeLogSupplier.java
org.owasp.esapi.logging.appender.UserInfoSupplier	/var/benchmakrs/esapi-java-legacy/src/main/java/org/owasp/esapi/logging/appender/UserInfoSupplier.java
org.owasp.esapi.tags.EncodeForJavaScriptTag	/var/benchmakrs/esapi-java-legacy/src/main/java/org/owasp/esapi/tags/EncodeForJavaScriptTag.java
org.owasp.esapi.logging.slf4j.Slf4JLogBridgeImpl	/var/benchmakrs/esapi-java-legacy/src/main/java/org/owasp/esapi/logging/slf4j/Slf4JLogBridgeImpl.java
org.owasp.esapi.logging.cleaning.CompositeLogScrubber	/var/benchmakrs/esapi-java-legacy/src/main/java/org/owasp/esapi/logging/cleaning/CompositeLogScrubber.java
org.owasp.esapi.reference.DefaultValidator	/var/benchmakrs/esapi-java-legacy/src/main/java/org/owasp/esapi/reference/DefaultValidator.java
org.owasp.esapi.reference.DefaultHTTPUtilities	/var/benchmakrs/esapi-java-legacy/src/main/java/org/owasp/esapi/reference/DefaultHTTPUtilities.java
org.owasp.esapi.reference.DefaultHTTPUtilities$ThreadLocalRequest	/var/benchmakrs/esapi-java-legacy/src/main/java/org/owasp/esapi/reference/DefaultHTTPUtilities.java
org.owasp.esapi.reference.DefaultHTTPUtilities$ThreadLocalResponse	/var/benchmakrs/esapi-java-legacy/src/main/java/org/owasp/esapi/reference/DefaultHTTPUtilities.java
org.owasp.esapi.reference.DefaultHTTPUtilities$1	/var/benchmakrs/esapi-java-legacy/src/main/java/org/owasp/esapi/reference/DefaultHTTPUtilities.java
org.owasp.esapi.tags.EncodeForXMLAttributeTag	/var/benchmakrs/esapi-java-legacy/src/main/java/org/owasp/esapi/tags/EncodeForXMLAttributeTag.java
org.owasp.esapi.logging.java.JavaLogFactory	/var/benchmakrs/esapi-java-legacy/src/main/java/org/owasp/esapi/logging/java/JavaLogFactory.java
org.owasp.esapi.waf.rules.BeanShellRule	/var/benchmakrs/esapi-java-legacy/src/main/java/org/owasp/esapi/waf/rules/BeanShellRule.java
org.owasp.esapi.tags.EncodeForHTMLTag	/var/benchmakrs/esapi-java-legacy/src/main/java/org/owasp/esapi/tags/EncodeForHTMLTag.java
org.owasp.esapi.util.CollectionsUtil	/var/benchmakrs/esapi-java-legacy/src/main/java/org/owasp/esapi/util/CollectionsUtil.java
org.owasp.esapi.filters.RequestRateThrottleFilter	/var/benchmakrs/esapi-java-legacy/src/main/java/org/owasp/esapi/filters/RequestRateThrottleFilter.java
org.owasp.esapi.configuration.XmlEsapiPropertyLoader	/var/benchmakrs/esapi-java-legacy/src/main/java/org/owasp/esapi/configuration/XmlEsapiPropertyLoader.java
org.owasp.esapi.logging.java.ESAPIErrorJavaLevel	/var/benchmakrs/esapi-java-legacy/src/main/java/org/owasp/esapi/logging/java/ESAPIErrorJavaLevel.java
org.owasp.esapi.tags.EncodeForHTMLAttributeTag	/var/benchmakrs/esapi-java-legacy/src/main/java/org/owasp/esapi/tags/EncodeForHTMLAttributeTag.java
org.owasp.esapi.reference.DefaultExecutor	/var/benchmakrs/esapi-java-legacy/src/main/java/org/owasp/esapi/reference/DefaultExecutor.java
org.owasp.esapi.reference.DefaultExecutor$ReadThread	/var/benchmakrs/esapi-java-legacy/src/main/java/org/owasp/esapi/reference/DefaultExecutor.java
org.owasp.esapi.reference.accesscontrol.EchoRuntimeParameterACR	/var/benchmakrs/esapi-java-legacy/src/main/java/org/owasp/esapi/reference/accesscontrol/EchoRuntimeParameterACR.java
org.owasp.esapi.codecs.HashTrie	/var/benchmakrs/esapi-java-legacy/src/main/java/org/owasp/esapi/codecs/HashTrie.java
org.owasp.esapi.codecs.HashTrie$Entry	/var/benchmakrs/esapi-java-legacy/src/main/java/org/owasp/esapi/codecs/HashTrie.java
org.owasp.esapi.codecs.HashTrie$Node	/var/benchmakrs/esapi-java-legacy/src/main/java/org/owasp/esapi/codecs/HashTrie.java
org.owasp.esapi.reference.validation.HTMLValidationRule	/var/benchmakrs/esapi-java-legacy/src/main/java/org/owasp/esapi/reference/validation/HTMLValidationRule.java
org.owasp.esapi.reference.FileBasedAuthenticator	/var/benchmakrs/esapi-java-legacy/src/main/java/org/owasp/esapi/reference/FileBasedAuthenticator.java
org.owasp.esapi.util.DefaultMessageUtil	/var/benchmakrs/esapi-java-legacy/src/main/java/org/owasp/esapi/util/DefaultMessageUtil.java
org.owasp.esapi.reference.DefaultEncoder	/var/benchmakrs/esapi-java-legacy/src/main/java/org/owasp/esapi/reference/DefaultEncoder.java
org.owasp.esapi.reference.DefaultEncoder$UriSegment	/var/benchmakrs/esapi-java-legacy/src/main/java/org/owasp/esapi/reference/DefaultEncoder.java
org.owasp.esapi.codecs.XMLEntityCodec	/var/benchmakrs/esapi-java-legacy/src/main/java/org/owasp/esapi/codecs/XMLEntityCodec.java
org.owasp.esapi.codecs.CSSCodec	/var/benchmakrs/esapi-java-legacy/src/main/java/org/owasp/esapi/codecs/CSSCodec.java
org.owasp.esapi.reference.validation.NumberValidationRule	/var/benchmakrs/esapi-java-legacy/src/main/java/org/owasp/esapi/reference/validation/NumberValidationRule.java
org.owasp.esapi.logging.slf4j.Slf4JLogger	/var/benchmakrs/esapi-java-legacy/src/main/java/org/owasp/esapi/logging/slf4j/Slf4JLogger.java
org.owasp.esapi.logging.slf4j.Slf4JLogLevelHandlers	/var/benchmakrs/esapi-java-legacy/src/main/java/org/owasp/esapi/logging/slf4j/Slf4JLogLevelHandlers.java
org.owasp.esapi.logging.slf4j.Slf4JLogLevelHandlers$1	/var/benchmakrs/esapi-java-legacy/src/main/java/org/owasp/esapi/logging/slf4j/Slf4JLogLevelHandlers.java
org.owasp.esapi.logging.slf4j.Slf4JLogLevelHandlers$2	/var/benchmakrs/esapi-java-legacy/src/main/java/org/owasp/esapi/logging/slf4j/Slf4JLogLevelHandlers.java
org.owasp.esapi.logging.slf4j.Slf4JLogLevelHandlers$3	/var/benchmakrs/esapi-java-legacy/src/main/java/org/owasp/esapi/logging/slf4j/Slf4JLogLevelHandlers.java
org.owasp.esapi.logging.slf4j.Slf4JLogLevelHandlers$4	/var/benchmakrs/esapi-java-legacy/src/main/java/org/owasp/esapi/logging/slf4j/Slf4JLogLevelHandlers.java
org.owasp.esapi.logging.slf4j.Slf4JLogLevelHandlers$5	/var/benchmakrs/esapi-java-legacy/src/main/java/org/owasp/esapi/logging/slf4j/Slf4JLogLevelHandlers.java
org.owasp.esapi.reference.accesscontrol.DelegatingACR	/var/benchmakrs/esapi-java-legacy/src/main/java/org/owasp/esapi/reference/accesscontrol/DelegatingACR.java
org.owasp.esapi.reference.crypto.EncryptedPropertiesUtils	/var/benchmakrs/esapi-java-legacy/src/main/java/org/owasp/esapi/reference/crypto/EncryptedPropertiesUtils.java
org.owasp.esapi.waf.actions.DefaultAction	/var/benchmakrs/esapi-java-legacy/src/main/java/org/owasp/esapi/waf/actions/DefaultAction.java
org.owasp.esapi.tags.EncodeForXMLTag	/var/benchmakrs/esapi-java-legacy/src/main/java/org/owasp/esapi/tags/EncodeForXMLTag.java
org.owasp.esapi.waf.internal.Parameter	/var/benchmakrs/esapi-java-legacy/src/main/java/org/owasp/esapi/waf/internal/Parameter.java
org.owasp.esapi.StringUtilities	/var/benchmakrs/esapi-java-legacy/src/main/java/org/owasp/esapi/StringUtilities.java
org.owasp.esapi.logging.appender.LogPrefixAppender	/var/benchmakrs/esapi-java-legacy/src/main/java/org/owasp/esapi/logging/appender/LogPrefixAppender.java
org.owasp.esapi.util.ObjFactory	/var/benchmakrs/esapi-java-legacy/src/main/java/org/owasp/esapi/util/ObjFactory.java
org.owasp.esapi.util.ObjFactory$MethodWrappedInfo	/var/benchmakrs/esapi-java-legacy/src/main/java/org/owasp/esapi/util/ObjFactory.java
org.owasp.esapi.crypto.SecurityProviderLoader	/var/benchmakrs/esapi-java-legacy/src/main/java/org/owasp/esapi/crypto/SecurityProviderLoader.java
org.owasp.esapi.reference.validation.IntegerValidationRule	/var/benchmakrs/esapi-java-legacy/src/main/java/org/owasp/esapi/reference/validation/IntegerValidationRule.java
org.owasp.esapi.filters.SecurityWrapperRequest	/var/benchmakrs/esapi-java-legacy/src/main/java/org/owasp/esapi/filters/SecurityWrapperRequest.java
org.owasp.esapi.reference.crypto.JavaEncryptor	/var/benchmakrs/esapi-java-legacy/src/main/java/org/owasp/esapi/reference/crypto/JavaEncryptor.java
org.owasp.esapi.waf.actions.RedirectAction	/var/benchmakrs/esapi-java-legacy/src/main/java/org/owasp/esapi/waf/actions/RedirectAction.java
org.owasp.esapi.errors.ValidationUploadException	/var/benchmakrs/esapi-java-legacy/src/main/java/org/owasp/esapi/errors/ValidationUploadException.java
org.owasp.esapi.waf.internal.InterceptingHTTPServletRequest	/var/benchmakrs/esapi-java-legacy/src/main/java/org/owasp/esapi/waf/internal/InterceptingHTTPServletRequest.java
org.owasp.esapi.waf.internal.InterceptingHTTPServletRequest$RAFInputStream	/var/benchmakrs/esapi-java-legacy/src/main/java/org/owasp/esapi/waf/internal/InterceptingHTTPServletRequest.java
org.owasp.esapi.filters.SecurityWrapperResponse	/var/benchmakrs/esapi-java-legacy/src/main/java/org/owasp/esapi/filters/SecurityWrapperResponse.java
org.owasp.esapi.errors.ValidationAvailabilityException	/var/benchmakrs/esapi-java-legacy/src/main/java/org/owasp/esapi/errors/ValidationAvailabilityException.java
org.owasp.esapi.tags.EncodeForXPathTag	/var/benchmakrs/esapi-java-legacy/src/main/java/org/owasp/esapi/tags/EncodeForXPathTag.java
org.owasp.esapi.waf.rules.DetectOutboundContentRule	/var/benchmakrs/esapi-java-legacy/src/main/java/org/owasp/esapi/waf/rules/DetectOutboundContentRule.java
org.owasp.esapi.waf.rules.RestrictUserAgentRule	/var/benchmakrs/esapi-java-legacy/src/main/java/org/owasp/esapi/waf/rules/RestrictUserAgentRule.java
org.owasp.esapi.EncoderConstants	/var/benchmakrs/esapi-java-legacy/src/main/java/org/owasp/esapi/EncoderConstants.java
org.owasp.esapi.logging.cleaning.NewlineLogScrubber	/var/benchmakrs/esapi-java-legacy/src/main/java/org/owasp/esapi/logging/cleaning/NewlineLogScrubber.java
org.owasp.esapi.reference.accesscontrol.AlwaysFalseACR	/var/benchmakrs/esapi-java-legacy/src/main/java/org/owasp/esapi/reference/accesscontrol/AlwaysFalseACR.java
org.owasp.esapi.codecs.UnixCodec	/var/benchmakrs/esapi-java-legacy/src/main/java/org/owasp/esapi/codecs/UnixCodec.java
